{
  "HTTP Request-3" : {
    "transaction" : "HTTP Request-3",
    "sampleCount" : 100,
    "errorCount" : 0,
    "errorPct" : 0.0,
    "meanResTime" : 481.02,
    "medianResTime" : 479.5,
    "minResTime" : 446.0,
    "maxResTime" : 530.0,
    "pct1ResTime" : 500.9,
    "pct2ResTime" : 514.8499999999999,
    "pct3ResTime" : 529.93,
    "throughput" : 2.0158851751804217,
    "receivedKBytesPerSec" : 202.41469577142885,
    "sentKBytesPerSec" : 0.4960967423295569
  },
  "HTTP Request-2" : {
    "transaction" : "HTTP Request-2",
    "sampleCount" : 100,
    "errorCount" : 0,
    "errorPct" : 0.0,
    "meanResTime" : 537.5899999999999,
    "medianResTime" : 425.0,
    "minResTime" : 325.0,
    "maxResTime" : 1793.0,
    "pct1ResTime" : 998.6,
    "pct2ResTime" : 1163.9,
    "pct3ResTime" : 1788.3199999999977,
    "throughput" : 2.022040238600748,
    "receivedKBytesPerSec" : 3.7854015013648774,
    "sentKBytesPerSec" : 0.24288178647255082
  },
  "HTTP Request-1" : {
    "transaction" : "HTTP Request-1",
    "sampleCount" : 100,
    "errorCount" : 0,
    "errorPct" : 0.0,
    "meanResTime" : 229.04999999999993,
    "medianResTime" : 225.0,
    "minResTime" : 210.0,
    "maxResTime" : 493.0,
    "pct1ResTime" : 236.0,
    "pct2ResTime" : 242.89999999999998,
    "pct3ResTime" : 490.61999999999875,
    "throughput" : 2.016007096344979,
    "receivedKBytesPerSec" : 1.428766279257303,
    "sentKBytesPerSec" : 0.2480633731830736
  },
  "Total" : {
    "transaction" : "Total",
    "sampleCount" : 500,
    "errorCount" : 0,
    "errorPct" : 0.0,
    "meanResTime" : 556.0599999999996,
    "medianResTime" : 426.5,
    "minResTime" : 130.0,
    "maxResTime" : 2685.0,
    "pct1ResTime" : 1284.0,
    "pct2ResTime" : 1497.75,
    "pct3ResTime" : 2019.8600000000001,
    "throughput" : 9.876738305941846,
    "receivedKBytesPerSec" : 409.04013999041956,
    "sentKBytesPerSec" : 2.4035968611725664
  },
  "HTTP Request-0" : {
    "transaction" : "HTTP Request-0",
    "sampleCount" : 100,
    "errorCount" : 0,
    "errorPct" : 0.0,
    "meanResTime" : 141.91000000000005,
    "medianResTime" : 141.0,
    "minResTime" : 130.0,
    "maxResTime" : 175.0,
    "pct1ResTime" : 148.0,
    "pct2ResTime" : 149.0,
    "pct3ResTime" : 174.75999999999988,
    "throughput" : 2.017796969268952,
    "receivedKBytesPerSec" : 1.1009604713573722,
    "sentKBytesPerSec" : 0.24040159204180878
  },
  "HTTP Request" : {
    "transaction" : "HTTP Request",
    "sampleCount" : 100,
    "errorCount" : 0,
    "errorPct" : 0.0,
    "meanResTime" : 1390.73,
    "medianResTime" : 1274.0,
    "minResTime" : 1146.0,
    "maxResTime" : 2685.0,
    "pct1ResTime" : 1874.4,
    "pct2ResTime" : 2019.2999999999997,
    "pct3ResTime" : 2680.0399999999972,
    "throughput" : 1.975347661188369,
    "receivedKBytesPerSec" : 204.52006999520978,
    "sentKBytesPerSec" : 1.2017984305862832
  }
}